[{"PhoneNo":"0711588581","Email":"josphatnyota@gmail.com","SuperMerchantCode":"104533","BusinessName":"Business Name","Street":"Nairobi","BusinessProvince":"ruai","BusinessMunicipality":"kasarani","BusinessLocalMunicipality":"gumba","RegNo":"222","BusinessType":"Meri1","Industry":"tech","BusinessNature":"23322","BankName":"Barclays Africa Group","Branch":"000bank code","AccName":"banj name here","AccNo":"hehhe","Surname":"muthama","OtherNames":"josphat nyota","Telephone":"+254711588581","BusinessEmail":"fesske2018@gmail.com","IdType":"Passport","IdNo":"2335571203"},{"PhoneNo":"0711588581","Email":"josphatnyota@gmail.com","SuperMerchantCode":"104533","BusinessName":"Business Name","Street":"Nairobi","BusinessProvince":"ruai","BusinessMunicipality":"kasarani","BusinessLocalMunicipality":"gumba","RegNo":"222","BusinessType":"Meri1","Industry":"tech","BusinessNature":"23322","BankName":"Barclays Africa Group","Branch":"000bank code","AccName":"banj name here","AccNo":"hehhe","Surname":"muthama","OtherNames":"josphat nyota","Telephone":"+254711588581","BusinessEmail":"fesske2018@gmail.com","IdType":"Passport","IdNo":"2335571203"},{"PhoneNo":"0711588581","Email":"fesske2018@gmail.com","SuperMerchantCode":"104533","BusinessName":"23322","Street":"Nairobi","BusinessProvince":"ruai","BusinessMunicipality":"Meri1","BusinessLocalMunicipality":"Meri1","RegNo":"ertyutrteweqwesdx","BusinessType":"23322","Industry":"tech","BusinessNature":"Meri1","BankName":"Al Baraka Bank","Branch":"000bank code","AccName":"banj name here","AccNo":"hdjdssh","Surname":"Muthama","OtherNames":"josphat nyota","Telephone":"+254711588581","BusinessEmail":"fesske2018@gmail.com","IdType":"Passport","IdNo":"2335571203"},{"PhoneNo":"0711588581","Email":"fesske2018@gmail.com","SuperMerchantCode":"104533","BusinessName":"23322","Street":"Nairobi","BusinessProvince":"ruai","BusinessMunicipality":"Meri1","BusinessLocalMunicipality":"Meri1","RegNo":"ertyutrteweqwesdx","BusinessType":"23322","Industry":"tech","BusinessNature":"Meri1","BankName":"Al Baraka Bank","Branch":"000bank code","AccName":"banj name here","AccNo":"hdjdssh","Surname":"Muthama","OtherNames":"josphat nyota","Telephone":"+254711588581","BusinessEmail":"fesske2018@gmail.com","IdType":"Passport","IdNo":"2335571203"},{"PhoneNo":"0711588581","Email":"fesske2018@gmail.com","SuperMerchantCode":"104533","BusinessName":"23322","Street":"Nairobi","BusinessProvince":"ruai","BusinessMunicipality":"Meri1","BusinessLocalMunicipality":"Meri1","RegNo":"ertyutrteweqwesdx","BusinessType":"23322","Industry":"tech","BusinessNature":"Meri1","BankName":"Barclays Africa Group","Branch":"000bank code","AccName":"banj name here","AccNo":"hdjdssh","Surname":"Muthama","OtherNames":"josphat nyota","Telephone":"+254711588581","BusinessEmail":"fesske2018@gmail.com","IdType":"Passport","IdNo":"2335571203"},{"PhoneNo":"0711588581","Email":"fesske2018@gmail.com","SuperMerchantCode":"104533","BusinessName":"23322","Street":"Nairobi","BusinessProvince":"ruai","BusinessMunicipality":"23322","BusinessLocalMunicipality":"23322","RegNo":"ertyutrteweqwesdx","BusinessType":"23322","Industry":"tech","BusinessNature":"23322","BankName":"Absa Bank","Branch":"000bank code","AccName":"banj name here","AccNo":"3456789","Surname":"","OtherNames":"","Telephone":"","BusinessEmail":"","IdType":"ID Type:","IdNo":""}]